election_year,municipality,ward_id,registered_voters,mec7_votes,voter_turnout_votes,voter_turnout_rate,label_type
2011,CPT,19100001,16938,3,13099,0.7732129154123133,derived_from_iec_xls
2011,CPT,19100002,14268,31,10493,0.7338275403874397,derived_from_iec_xls
2011,CPT,19100003,17928,9,13241,0.7381947928862128,derived_from_iec_xls
2011,CPT,19100004,17676,0,11238,0.6357773251866938,derived_from_iec_xls
2011,CPT,19100005,15601,14,11806,0.7560678834454051,derived_from_iec_xls
2011,CPT,19100006,13634,16,7835,0.573992673992674,derived_from_iec_xls
2011,CPT,19100007,13927,18,8909,0.6388669774112585,derived_from_iec_xls
2011,CPT,19100008,17777,12,13458,0.7565349373208162,derived_from_iec_xls
2011,CPT,19100009,14880,11,7730,0.5191054999664226,derived_from_iec_xls
2011,CPT,19100010,14217,0,8691,0.6113104030386157,derived_from_iec_xls
2011,CPT,19100011,17890,9,11560,0.6458461366556791,derived_from_iec_xls
2011,CPT,19100012,14898,13,8879,0.5954664341761116,derived_from_iec_xls
2011,CPT,19100013,16420,0,9827,0.5984774665042631,derived_from_iec_xls
2011,CPT,19100014,16697,9,10909,0.652998922542799,derived_from_iec_xls
2011,CPT,19100015,15321,30,11959,0.7790371962738584,derived_from_iec_xls
2011,CPT,19100016,17364,29,9870,0.5674696717070086,derived_from_iec_xls
2011,CPT,19100017,17016,2,10228,0.6010106945587026,derived_from_iec_xls
2011,CPT,19100018,12879,9,8059,0.625310366232154,derived_from_iec_xls
2011,CPT,19100019,17574,104,10546,0.5965606969114153,derived_from_iec_xls
2011,CPT,19100020,16160,97,9570,0.5886694962170143,derived_from_iec_xls
2011,CPT,19100021,16923,10,12806,0.7562747298175161,derived_from_iec_xls
2011,CPT,19100022,14470,55,9226,0.6351807228915662,derived_from_iec_xls
2011,CPT,19100023,16217,3,11679,0.7200369913686806,derived_from_iec_xls
2011,CPT,19100024,13974,28,9042,0.6457648907298957,derived_from_iec_xls
2011,CPT,19100025,16133,61,9812,0.605903421020131,derived_from_iec_xls
2011,CPT,19100026,14369,30,9124,0.6336551149385374,derived_from_iec_xls
2011,CPT,19100027,14978,23,10630,0.7086194253716419,derived_from_iec_xls
2011,CPT,19100028,14812,0,9326,0.6296246286794491,derived_from_iec_xls
2011,CPT,19100029,16140,14,9580,0.5930419710288474,derived_from_iec_xls
2011,CPT,19100030,16050,105,11015,0.6818322500773755,derived_from_iec_xls
2011,CPT,19100031,14661,72,9294,0.6308287517817145,derived_from_iec_xls
2011,CPT,19100032,15104,30,8778,0.580018501387604,derived_from_iec_xls
2011,CPT,19100033,17170,1431,9529,0.5122842857910865,derived_from_iec_xls
2011,CPT,19100034,15149,5,8984,0.5928467731292069,derived_from_iec_xls
2011,CPT,19100035,15725,31,9345,0.5931073876618431,derived_from_iec_xls
2011,CPT,19100036,16681,151,9754,0.5794914448669202,derived_from_iec_xls
2011,CPT,19100037,12893,39,8378,0.6478502938447263,derived_from_iec_xls
2011,CPT,19100038,13508,49,8890,0.6557497971527624,derived_from_iec_xls
2011,CPT,19100039,12372,60,7809,0.6281370656370656,derived_from_iec_xls
2011,CPT,19100040,13643,111,9111,0.6624254762250982,derived_from_iec_xls
2011,CPT,19100041,12981,1,7976,0.6143891542135265,derived_from_iec_xls
2011,CPT,19100042,13968,6,10119,0.7241305281236582,derived_from_iec_xls
2011,CPT,19100043,17936,11,11731,0.6536468490555525,derived_from_iec_xls
2011,CPT,19100044,16641,1767,9829,0.5339526292916124,derived_from_iec_xls
2011,CPT,19100045,16043,15,10030,0.6246107859011085,derived_from_iec_xls
2011,CPT,19100046,15889,0,10174,0.640317200579017,derived_from_iec_xls
2011,CPT,19100047,13763,24,8697,0.6308116341481106,derived_from_iec_xls
2011,CPT,19100048,15796,216,10218,0.6381463902073445,derived_from_iec_xls
2011,CPT,19100049,17329,51,11595,0.6671461449942463,derived_from_iec_xls
2011,CPT,19100050,15352,98,10076,0.6521682847896441,derived_from_iec_xls
2011,CPT,19100051,13477,22,8003,0.5928587302763167,derived_from_iec_xls
2011,CPT,19100052,13882,4,7629,0.5494022756733401,derived_from_iec_xls
2011,CPT,19100053,15807,71,11192,0.7048746693538229,derived_from_iec_xls
2011,CPT,19100054,16921,209,10978,0.6408639813193229,derived_from_iec_xls
2011,CPT,19100055,15537,616,10302,0.6377762644709961,derived_from_iec_xls
2011,CPT,19100056,15745,25,10635,0.6743817374762207,derived_from_iec_xls
2011,CPT,19100057,17778,32,9854,0.5532846715328467,derived_from_iec_xls
2011,CPT,19100058,17731,143,12263,0.68608034015889,derived_from_iec_xls
2011,CPT,19100059,17428,24,11090,0.6354572541829017,derived_from_iec_xls
2011,CPT,19100060,15891,122,11146,0.6960594516954974,derived_from_iec_xls
2011,CPT,19100061,14787,6,9811,0.6632190901101872,derived_from_iec_xls
2011,CPT,19100062,16615,30,11693,0.7024932412135777,derived_from_iec_xls
2011,CPT,19100063,15091,31,10766,0.7119428647004364,derived_from_iec_xls
2011,CPT,19100064,14396,18,10037,0.6963368946857222,derived_from_iec_xls
2011,CPT,19100065,13786,22,9147,0.6624420625724218,derived_from_iec_xls
2011,CPT,19100066,14625,34,10097,0.6887918684767037,derived_from_iec_xls
2011,CPT,19100067,16169,27,9697,0.5987280810076562,derived_from_iec_xls
2011,CPT,19100068,16972,23,11414,0.6716092968520153,derived_from_iec_xls
2011,CPT,19100069,17406,10,11634,0.6680064308681672,derived_from_iec_xls
2011,CPT,19100070,15502,32,12004,0.7727565340543324,derived_from_iec_xls
2011,CPT,19100071,16584,46,11691,0.7030066145520144,derived_from_iec_xls
2011,CPT,19100072,14583,69,10770,0.735053235053235,derived_from_iec_xls
2011,CPT,19100073,14746,1,10745,0.7286227707330305,derived_from_iec_xls
2011,CPT,19100074,18119,4,11931,0.6583347127958947,derived_from_iec_xls
2011,CPT,19100075,15886,76,9799,0.613895501816815,derived_from_iec_xls
2011,CPT,19100076,17773,7,10849,0.6101799775028122,derived_from_iec_xls
2011,CPT,19100077,17022,18,10574,0.6205399061032864,derived_from_iec_xls
2011,CPT,19100078,18131,13,11909,0.656360229276896,derived_from_iec_xls
2011,CPT,19100079,14876,10,9459,0.6354292623941958,derived_from_iec_xls
2011,CPT,19100080,17172,85,9694,0.561743060786927,derived_from_iec_xls
2011,CPT,19100081,15048,4,10048,0.6675524847196386,derived_from_iec_xls
2011,CPT,19100082,15466,70,9296,0.5983522142121525,derived_from_iec_xls
2011,CPT,19100083,15168,25,10665,0.7019680115842822,derived_from_iec_xls
2011,CPT,19100084,13386,84,9691,0.7194506310319227,derived_from_iec_xls
2011,CPT,19100085,15100,74,9280,0.6115724265190458,derived_from_iec_xls
2011,CPT,19100086,16609,63,10186,0.6109644913627639,derived_from_iec_xls
2011,CPT,19100087,16441,78,10293,0.623100671953508,derived_from_iec_xls
2011,CPT,19100088,16827,23,10044,0.5960830860534124,derived_from_iec_xls
2011,CPT,19100089,13148,3,8310,0.6318911109421337,derived_from_iec_xls
2011,CPT,19100090,16579,14,10823,0.6522630024709215,derived_from_iec_xls
2011,CPT,19100091,13842,79,8455,0.6073557934056462,derived_from_iec_xls
2011,CPT,19100092,15964,73,10078,0.6284217746461308,derived_from_iec_xls
2011,CPT,19100093,15408,11,10016,0.6495881704390687,derived_from_iec_xls
2011,CPT,19100094,13143,76,8537,0.6458128451471367,derived_from_iec_xls
2011,CPT,19100095,17184,76,11255,0.6520857473928158,derived_from_iec_xls
2011,CPT,19100096,13811,2,9231,0.6682835010497358,derived_from_iec_xls
2011,CPT,19100097,14955,12,9613,0.642279681966994,derived_from_iec_xls
2011,CPT,19100098,16222,16,10019,0.6170094839265919,derived_from_iec_xls
2011,CPT,19100099,17613,137,10280,0.5791549295774648,derived_from_iec_xls
2011,CPT,19100100,17042,38,10690,0.6258782201405152,derived_from_iec_xls
2011,CPT,19100101,15256,97,9534,0.6209861264899368,derived_from_iec_xls
2011,CPT,19100102,15829,39,12034,0.7583816486009579,derived_from_iec_xls
2011,CPT,19100103,18672,6,14261,0.7635185780062105,derived_from_iec_xls
2011,CPT,19100104,14296,1,7532,0.5268238091907393,derived_from_iec_xls
2011,CPT,19100105,18183,17,12550,0.6895604395604396,derived_from_iec_xls
2011,CPT,19100106,16923,55,10556,0.6217457886676876,derived_from_iec_xls
2011,CPT,19100107,18560,1,13296,0.7163407144011638,derived_from_iec_xls
2011,CPT,19100108,16907,76,10436,0.6144968497909674,derived_from_iec_xls
2011,CPT,19100109,17188,50,10604,0.6151525699037012,derived_from_iec_xls
2011,CPT,19100110,14371,27,9882,0.6863453257396861,derived_from_iec_xls
2011,CPT,19100111,14539,127,9372,0.6390290467748534,derived_from_iec_xls
