constituency,da,anc,eff,acdp,aj,aic,vp,dip,udm,cmc,paca,cotp,pa,npsa,cp,amp,lpp,asp,apc,icosa,cnpsa,cdp,npp,sapp,cv,kkap,sapco,up,kr,sun,tg,pdm,ifp,sape,isp,pasa,independent
Ward 1,28797,736,211,424,51,17,343,59,14,20,6,9,7,14,35,15,0,3,2,5,2,12,8,1,2,1,0,16,0,1,3,6,4,0,2,0,0
Ward 2,25807,330,346,560,25,41,521,35,10,18,18,14,8,44,54,8,0,3,1,2,4,29,10,4,8,3,0,17,7,0,6,0,0,1,0,0,0
Ward 3,23205,414,173,237,3,10,457,49,9,1,3,13,8,15,43,3,0,1,5,0,5,28,3,0,3,0,0,12,0,0,1,1,7,0,0,0,0
Ward 4,11686,5317,776,151,20,114,61,17,42,19,23,19,2,7,11,4,0,0,2,2,3,5,2,0,3,5,1,6,0,0,2,0,2,0,1,1,0
Ward 5,26904,337,139,409,25,6,159,50,3,7,6,9,3,15,18,6,0,0,0,4,0,14,4,1,5,1,0,12,0,0,4,1,1,2,0,0,0
Ward 6,5085,12853,1019,97,7,246,11,31,122,2,36,28,5,17,27,0,2,2,15,12,17,3,4,0,5,5,0,5,0,0,1,1,1,2,10,0,1138
Ward 7,18913,1361,410,398,36,58,161,42,46,10,2,15,6,39,22,7,0,6,4,4,42,10,10,1,11,5,0,2,3,0,1,0,4,1,0,1,0
Ward 8,30032,636,286,369,9,9,499,36,14,6,18,10,3,34,27,4,0,0,0,6,16,17,4,0,8,7,5,8,2,0,1,0,1,1,1,0,0
Ward 9,13481,2668,877,442,34,74,44,94,60,9,128,28,64,66,26,9,0,4,2,12,6,10,11,2,14,13,2,3,14,3,13,0,3,1,8,1,0
Ward 10,16261,1414,501,334,40,26,176,71,11,14,15,32,7,28,18,5,0,9,4,36,11,10,5,1,18,8,2,9,4,0,3,2,3,2,1,0,0
Ward 11,23600,1557,478,642,21,44,269,82,22,7,11,62,22,47,31,4,4,7,2,6,6,19,7,1,9,6,8,11,18,1,3,1,0,0,3,0,0
Ward 12,18103,1202,186,283,173,55,35,88,4,79,5,38,60,74,28,21,2,5,10,24,21,10,20,3,21,14,4,5,0,1,2,0,2,0,2,0,0
Ward 13,15130,6104,731,419,122,164,42,95,69,36,31,42,43,52,25,15,3,11,21,21,57,12,15,40,7,8,6,0,5,2,0,1,1,3,4,0,0
Ward 14,18465,2941,590,134,15,91,104,75,14,7,19,57,5,136,35,4,1,3,32,14,20,52,9,0,16,59,13,3,9,0,21,2,11,0,14,0,0
Ward 15,27684,422,104,333,19,9,357,53,7,1,7,27,4,24,82,0,1,0,0,4,4,8,4,0,3,9,0,12,3,0,4,62,4,1,3,0,0
Ward 16,14940,6212,603,207,22,233,10,55,13,14,30,56,25,199,47,1,0,10,17,68,18,39,6,2,3,105,39,5,71,0,0,7,1,1,0,1,0
Ward 17,21744,1725,407,445,41,83,28,45,11,47,16,27,51,194,25,19,0,7,6,9,74,50,79,3,26,122,40,0,18,2,7,65,5,3,15,1,91
Ward 18,2198,12181,1677,22,1,377,6,38,206,4,248,91,1,9,1,2,1,1,34,3,1,0,4,0,0,2,1,5,0,1,2,1,5,0,2,0,0
Ward 19,15569,5462,1011,340,21,153,6,72,26,9,22,25,25,69,25,7,2,9,10,65,81,11,14,0,10,41,65,6,14,0,3,1,4,1,0,1,0
Ward 20,13010,6262,660,216,90,136,14,48,87,32,30,38,93,82,13,14,1,8,14,4,67,9,9,4,5,19,3,4,5,1,2,3,2,3,0,8,0
Ward 21,25451,148,67,404,5,6,407,35,2,6,4,9,6,9,36,3,0,0,3,0,2,9,4,0,3,0,0,14,0,0,0,0,0,0,0,2,0
Ward 22,16925,1712,444,432,101,59,26,76,6,85,19,23,70,51,25,21,1,1,6,43,14,16,23,1,12,9,1,4,9,2,24,3,1,0,0,0,0
Ward 23,24664,374,124,636,1,14,365,38,13,2,1,10,2,22,40,0,1,4,0,1,0,8,1,0,1,0,0,9,1,0,2,0,2,0,0,0,22
Ward 24,13943,3597,369,228,59,151,51,41,83,26,10,11,111,69,23,21,3,19,8,9,68,24,16,1,6,4,0,2,2,1,9,1,2,4,2,2,0
Ward 25,19148,988,389,260,132,56,31,103,3,27,10,42,36,77,23,40,0,8,3,11,13,26,11,4,3,5,11,4,31,19,1,3,3,1,0,0,0
Ward 26,21990,1483,434,399,114,179,196,124,15,45,5,11,24,50,39,17,2,6,1,8,5,24,18,0,99,7,3,10,4,1,1,3,1,1,1,0,53
Ward 27,17345,956,318,300,180,15,174,68,10,73,16,21,11,23,18,59,3,11,3,9,7,16,6,2,5,1,2,4,1,1,0,0,1,1,0,0,23
Ward 28,19512,1298,269,242,38,69,29,110,8,16,8,16,45,58,41,10,0,1,0,13,10,26,10,3,12,2,0,2,5,1,1,22,4,2,0,0,0
Ward 29,15639,3382,117,436,25,79,21,105,3,10,5,69,79,68,27,6,2,0,6,9,5,23,24,1,3,15,5,0,56,3,2,14,2,0,1,1,0
Ward 30,20108,917,212,266,138,43,60,101,5,99,6,54,57,84,19,14,0,4,5,6,2,21,22,26,10,7,3,0,4,3,2,1,2,2,2,0,0
Ward 31,14744,1841,542,105,145,66,44,93,5,78,26,22,20,103,36,18,3,7,11,2,52,14,29,164,12,5,3,1,2,0,1,0,1,1,1,1,0
Ward 32,13234,6667,493,490,30,208,22,55,9,2,2,53,22,24,22,4,7,5,5,25,4,6,4,5,3,10,6,1,62,1,2,4,5,2,1,0,0
Ward 33,944,12454,1533,19,0,263,2,22,329,5,53,65,3,8,1,1,7,0,11,9,5,3,4,0,0,1,0,3,0,2,1,3,4,1,3,0,1497
Ward 34,817,13071,2179,14,1,420,0,11,102,3,97,199,3,7,4,0,0,0,23,4,1,1,4,0,1,0,0,1,1,0,0,0,2,0,1,0,0
Ward 35,2573,17280,1416,43,1,296,16,8,64,3,113,85,2,19,3,0,2,1,24,1,2,3,5,0,1,2,0,1,0,1,0,0,2,0,1,2,52
Ward 36,3153,11993,1002,16,8,201,3,32,37,9,66,102,0,5,7,0,1,0,45,3,2,0,4,0,3,1,0,9,0,0,0,1,0,0,0,0,0
Ward 37,1429,12366,896,5,1,330,5,4,103,2,670,61,2,3,2,0,0,1,25,0,0,0,1,0,8,0,0,0,0,0,2,0,5,2,0,0,0
Ward 38,1011,11419,1184,35,0,301,0,3,25,3,208,74,0,5,2,0,0,1,39,3,2,0,2,0,5,0,0,0,0,0,0,0,2,1,1,0,0
Ward 39,1868,13607,1064,13,1,369,1,2,321,1,93,26,1,11,4,0,0,1,42,1,0,0,3,3,0,0,0,0,1,0,1,0,1,0,1,0,0
Ward 40,1709,14933,1507,16,3,323,1,16,130,8,148,16,1,9,5,0,0,1,46,3,1,1,3,0,2,3,0,2,0,3,0,0,4,0,0,0,0
Ward 41,1360,12885,1747,51,4,354,1,241,22,0,327,100,0,6,2,3,0,0,47,0,1,1,1,0,11,1,0,2,1,3,1,0,2,0,0,1,0
Ward 42,5256,8971,1285,53,258,189,1,30,152,57,97,186,6,26,4,13,1,30,7,3,7,7,2,16,1,1,0,0,4,0,0,0,0,0,1,0,0
Ward 43,19465,2746,494,630,298,52,38,81,14,140,9,12,64,39,34,52,17,35,3,18,46,13,20,8,8,2,7,5,1,9,2,0,1,23,1,7,0
Ward 44,17961,3439,531,399,539,101,54,108,15,238,46,20,89,62,43,111,20,128,1,33,24,15,28,42,16,7,5,3,4,8,3,0,3,0,4,1,360
Ward 45,12564,2128,458,396,291,54,4,87,3,76,6,4,46,32,12,5,49,25,3,5,1,16,37,173,16,2,5,2,5,4,2,0,21,17,0,1,0
Ward 46,14277,1697,411,280,1325,73,19,208,14,316,11,22,40,79,23,250,4,122,6,6,6,11,22,9,5,6,2,4,16,14,4,1,3,4,0,0,0
Ward 47,13882,595,102,70,508,49,50,105,3,134,12,10,1971,81,21,63,2,40,2,2,15,61,21,7,5,6,1,0,11,15,0,1,10,0,1,7,0
Ward 48,12526,956,310,98,745,35,25,169,18,196,18,63,86,22,20,167,2,61,4,20,2,81,21,24,6,4,1,58,3,25,4,1,9,3,2,0,0
Ward 49,18317,2446,531,306,485,81,13,501,12,221,80,68,148,52,49,38,6,43,3,76,33,46,26,6,12,6,2,0,12,15,5,2,1,2,4,1,0
Ward 50,16777,1026,235,301,440,43,56,143,4,138,13,36,61,88,55,69,0,30,5,52,44,24,46,41,12,2,0,0,3,2,2,3,3,1,1,4,0
Ward 51,1100,11588,1892,20,1,237,0,16,218,10,299,176,0,8,3,0,2,0,36,6,1,2,4,0,1,1,0,1,3,0,2,0,3,0,4,0,186
Ward 52,812,10548,1535,12,3,102,2,7,263,5,144,52,1,14,1,0,0,2,14,3,0,0,7,0,0,0,0,2,0,0,2,1,6,0,3,1,837
Ward 53,18947,1102,644,291,132,8,83,109,58,57,17,88,4,33,54,30,0,14,5,2,16,9,15,4,9,2,1,4,2,5,8,1,4,3,1,1,0
Ward 54,19512,769,156,101,2,7,51,47,19,6,8,36,4,3,62,2,0,0,2,2,4,3,8,0,4,1,1,8,3,0,20,0,0,1,0,1,0
Ward 55,19414,804,328,179,60,10,147,65,10,17,7,50,5,10,35,19,2,5,1,7,2,7,13,2,9,3,1,4,2,3,2,1,1,1,0,0,0
Ward 56,18880,1243,372,327,546,21,8,68,2,227,80,61,8,146,25,343,28,50,2,9,33,20,12,2,13,4,3,4,0,11,2,0,4,0,1,0,0
Ward 57,15834,2221,1232,239,356,17,28,87,94,182,81,265,2,26,53,100,0,46,2,12,7,9,5,2,10,5,5,43,9,0,46,0,8,4,1,0,0
Ward 58,23584,690,422,279,84,8,46,61,53,42,20,108,5,9,43,20,2,9,0,13,1,14,7,1,4,3,0,15,3,0,28,0,2,0,0,0,0
Ward 59,21385,894,703,270,41,4,28,39,70,18,19,96,3,12,62,9,2,6,0,7,1,5,2,0,4,9,2,12,5,1,23,2,6,1,2,0,37
Ward 60,19096,1855,651,356,1538,26,34,261,27,572,37,207,11,35,67,193,2,207,1,11,8,13,13,2,9,2,0,4,29,66,10,1,3,4,0,0,0
Ward 61,18874,1255,235,149,132,14,52,90,11,19,20,43,261,49,83,16,1,6,4,2,6,6,12,2,7,6,88,15,3,1,13,0,5,1,1,1,280
Ward 62,21739,828,304,210,28,84,72,33,14,30,21,55,4,11,54,11,2,6,5,9,2,6,4,0,10,5,1,10,0,1,13,0,0,1,0,0,0
Ward 63,22826,1484,614,561,631,21,99,143,16,208,28,111,11,60,54,149,4,23,6,29,9,24,18,1,17,5,0,14,3,39,9,0,1,8,0,1,0
Ward 64,25286,597,392,577,18,6,126,65,41,7,16,79,17,10,106,8,4,18,1,7,1,7,5,1,9,5,4,38,11,2,29,0,10,3,0,2,0
Ward 65,19947,1513,348,569,386,20,26,115,7,141,10,55,49,37,42,110,1,77,6,41,23,43,22,17,11,7,1,2,37,6,4,1,4,4,3,0,568
Ward 66,19902,750,285,428,385,14,38,89,4,133,7,28,93,65,23,130,9,22,0,88,49,27,15,118,11,14,0,0,5,29,3,2,1,89,7,1,185
Ward 67,19073,4731,780,283,386,63,8,65,18,109,9,58,92,54,30,78,2,110,17,2,17,16,33,9,16,4,8,3,6,2,4,0,1,12,0,6,0
Ward 68,17525,744,218,365,206,21,10,103,1,89,3,53,121,67,26,45,1,25,11,40,14,16,22,3,40,10,6,3,1,2,1,0,6,20,4,16,0
Ward 69,13386,7897,810,169,6,156,47,37,28,2,41,27,0,5,30,0,0,4,2,3,4,0,1,0,2,1,0,17,1,0,5,1,2,0,0,0,0
Ward 70,26801,334,118,287,17,5,378,38,5,6,11,18,0,10,41,6,0,0,1,3,1,4,6,0,3,1,1,6,1,1,4,0,1,0,0,0,0
Ward 71,19431,1703,377,191,9,22,64,23,33,8,12,39,11,9,32,2,0,2,2,1,5,1,1,1,2,2,1,7,14,1,2,0,4,0,1,1,0
Ward 72,22640,1093,287,652,188,37,31,86,11,72,3,71,30,36,33,73,2,27,1,9,12,20,7,1,8,15,1,10,9,96,8,3,2,0,0,7,0
Ward 73,27314,370,224,478,35,3,120,52,15,12,11,62,11,9,49,12,0,7,0,7,14,13,13,2,7,0,0,16,3,17,8,1,3,3,0,0,0
Ward 74,14040,7675,325,105,16,69,16,35,75,2,13,98,0,9,26,12,1,5,35,12,1,3,3,0,14,1,2,27,1,1,5,0,6,0,0,0,0
Ward 75,18898,841,263,583,462,13,18,89,9,251,17,29,52,56,56,31,338,54,4,37,14,26,26,7,5,3,7,0,4,1,2,4,4,3,0,16,0
Ward 76,16721,876,186,338,447,18,10,74,2,140,7,26,34,75,47,54,1590,47,15,9,6,14,19,6,7,7,1,1,3,9,0,1,4,2,1,0,0
Ward 77,20827,417,494,156,702,7,115,58,44,116,43,94,5,21,64,48,1,20,1,5,2,4,9,1,7,6,4,42,3,1,13,0,3,1,0,2,0
Ward 78,21341,676,162,470,265,14,29,50,2,116,4,44,32,67,35,78,59,43,3,5,9,22,11,2,6,9,1,2,8,2,2,2,2,3,0,0,0
Ward 79,19808,881,160,857,344,15,12,101,3,125,4,82,51,95,38,59,55,57,2,43,13,22,19,2,7,22,13,0,4,36,0,1,3,1,1,1,0
Ward 80,1291,16792,1505,11,1,400,2,7,232,3,83,45,2,4,6,0,1,1,24,8,7,0,1,0,0,1,1,0,0,0,0,0,2,0,1,0,36
Ward 81,24156,389,266,500,402,16,27,210,5,205,22,47,43,50,51,121,19,35,5,67,13,53,37,1,16,3,12,3,1,25,0,0,1,43,0,0,0
Ward 82,16566,855,162,453,257,21,14,87,9,414,104,56,70,91,117,38,97,25,9,78,10,13,17,4,14,7,9,0,2,3,0,2,4,1,2,1,0
Ward 83,17936,4882,376,210,25,62,542,22,36,5,6,27,11,21,47,3,0,0,3,2,0,5,4,1,1,0,0,2,1,0,0,2,1,0,0,0,0
Ward 84,23923,2050,174,347,5,43,267,58,12,3,2,7,1,21,78,0,1,1,3,21,4,9,16,2,10,5,32,5,28,0,4,8,4,0,0,0,0
Ward 85,8869,10807,620,139,7,278,294,30,169,2,12,58,1,7,17,0,1,2,18,5,1,3,0,6,0,1,4,0,0,1,1,2,2,1,0,0,0
Ward 86,7236,12806,805,145,273,161,40,24,71,44,46,134,1,40,10,3,0,15,13,10,7,1,43,40,7,7,0,0,0,0,0,92,3,1,0,3,0
Ward 87,1318,11312,1210,5,2,146,5,16,243,7,243,68,0,7,2,0,0,1,51,5,2,1,4,0,3,0,1,2,0,1,1,3,10,0,1,0,1256
Ward 88,3695,13507,1502,39,27,157,3,13,54,27,42,30,6,19,17,6,50,2,51,6,1,1,4,1,1,1,0,1,0,0,2,0,2,0,1,1,0
Ward 89,1610,11913,1148,50,0,305,4,10,347,0,60,48,0,4,0,1,1,1,19,0,8,0,1,0,0,0,0,0,0,1,0,0,16,0,1,0,0
Ward 90,798,12184,1306,18,2,250,1,12,66,0,132,120,1,11,3,0,0,6,33,0,0,0,5,0,6,0,1,0,0,0,0,1,2,0,0,0,0
Ward 91,865,14499,1182,26,0,314,37,9,123,9,81,121,0,4,3,0,1,1,60,2,0,2,2,0,2,1,0,1,1,2,2,0,4,0,0,3,0
Ward 92,1374,13022,2100,50,0,366,4,4,43,2,72,125,1,3,0,0,0,0,45,2,2,2,3,0,1,0,0,1,0,0,0,0,3,0,0,13,0
Ward 93,987,15384,1236,14,0,469,2,27,196,5,93,102,1,2,3,1,0,1,31,2,2,0,3,0,0,2,0,2,1,0,1,1,1,0,0,0,0
Ward 94,1299,15166,1715,36,2,297,1,15,120,4,183,69,0,6,3,0,0,6,217,5,0,1,1,0,2,0,0,0,0,0,0,0,4,1,0,0,0
Ward 95,1056,15287,1335,9,3,379,2,5,188,2,91,35,0,7,0,2,0,0,18,0,1,0,1,0,3,0,0,0,0,0,2,0,1,0,1,0,0
Ward 96,1882,16575,1396,60,1,353,5,25,198,6,119,83,3,8,0,0,0,3,26,6,2,2,2,0,0,2,2,0,0,0,1,1,5,0,0,0,0
Ward 97,2300,10972,1023,20,0,1346,1,9,57,1,366,94,0,5,2,0,0,0,30,2,1,1,3,0,0,0,0,0,0,0,2,1,2,0,0,0,0
Ward 98,797,14350,1416,7,1,269,0,17,69,5,297,85,0,5,0,0,2,0,40,4,5,1,0,0,3,0,0,1,0,0,0,0,5,0,1,0,0
Ward 99,7094,9039,788,226,132,154,14,22,40,136,20,42,13,51,36,16,178,17,42,2,11,6,5,0,1,2,50,0,1,1,8,1,3,0,0,0,0
Ward 100,19281,1306,242,294,195,33,400,60,3,30,4,12,70,31,44,5,0,7,1,25,10,8,10,36,3,1,3,13,5,2,1,41,2,0,0,1,0
Ward 101,1746,16549,929,15,0,201,3,17,114,7,20,52,2,8,3,0,2,4,25,2,6,1,3,0,2,0,0,0,1,1,3,0,11,0,0,0,0
Ward 102,27147,447,179,325,3,4,455,49,9,1,4,5,9,27,34,0,0,6,4,3,0,3,7,0,3,1,0,1,4,1,0,0,5,1,0,0,0
Ward 103,25947,222,171,432,2,1,366,59,6,0,0,9,9,27,38,0,1,0,1,0,6,4,1,0,8,0,0,2,0,0,1,0,0,0,0,0,0
Ward 104,1563,11751,2302,73,0,294,8,5,196,2,13,73,1,3,6,3,1,6,8,5,2,1,5,0,0,1,1,2,2,1,4,0,7,1,2,0,0
Ward 105,17534,3907,423,300,4,77,274,44,13,8,15,31,4,21,31,2,1,3,18,2,14,2,10,1,5,2,1,18,0,3,2,0,2,1,2,1,0
Ward 106,5842,13009,1408,80,44,321,14,47,130,17,28,17,50,53,8,5,4,7,37,1,9,1,12,4,9,3,3,0,1,2,2,37,6,1,21,1,0
Ward 107,20699,731,972,744,5,44,131,46,23,0,44,65,2,2,55,0,1,0,0,0,1,10,1,0,1,0,0,7,1,0,0,0,5,1,0,0,0
Ward 108,6145,12172,1214,140,14,166,6,20,120,24,60,17,1,13,6,6,2,0,20,2,45,12,4,0,3,1,0,3,1,0,0,0,1,0,0,0,0
Ward 109,18510,2120,200,237,111,41,23,82,10,21,2,18,121,83,18,16,2,10,3,24,42,6,20,12,8,6,175,1,4,2,2,3,3,2,0,1,0
Ward 110,17217,772,199,459,178,17,30,125,3,80,4,14,77,60,35,97,0,6,0,20,15,23,9,0,19,5,3,5,2,12,2,2,2,1,1,3,0
Ward 111,16797,3014,368,397,15,29,98,67,11,10,5,14,22,39,24,8,4,1,2,24,61,9,7,0,9,10,0,0,5,0,1,0,0,0,1,1,0
Ward 112,24147,480,100,516,1,6,258,33,5,12,2,5,5,19,56,0,1,0,1,7,6,4,2,0,1,0,0,4,0,0,3,1,3,1,0,0,0
Ward 113,21130,771,344,612,2,5,157,45,12,3,3,22,3,8,37,1,1,1,1,0,3,4,4,0,0,0,0,6,1,0,2,0,2,0,0,0,0
Ward 114,827,11000,1129,5,1,199,3,115,130,2,121,15,2,8,3,1,1,1,25,11,0,0,8,0,1,2,1,2,0,1,0,0,47,2,0,0,456
Ward 115,18621,1610,641,170,332,16,55,95,32,174,10,23,27,44,42,101,1,31,7,7,2,12,6,0,5,5,3,11,7,0,11,2,5,2,1,0,0
Ward 116,12160,3327,663,214,274,36,22,29,12,105,65,61,35,74,26,56,79,4,17,12,13,14,22,1,5,6,3,1,8,22,1,0,1,1,0,0,0